ID,Name,Age,Country,Email
1,John Doe,28,USA,john.doe@example.com
2,Jane Smith,34,Canada,jane.smith@example.com
3,Michael Brown,22,UK,michael.brown@example.com
4,Emily Davis,29,Australia,emily.davis@example.com
5,Chris Wilson,31,India,chris.wilson@example.com
6,Sarah Johnson,27,USA,sarah.johnson@example.com
7,David Lee,35,China,david.lee@example.com
8,Laura Martinez,30,Mexico,laura.martinez@example.com
9,James Anderson,26,Germany,james.anderson@example.com
10,Linda Taylor,33,France,linda.taylor@example.com